seraveee,fb0badfa-8399-3454-a1ee-69925c1a7633
2izey,6247f303-9b57-3747-8933-da7b8c35a9f0
heavenlyeye,f12fd871-4d23-3164-8b97-b62aa008da11
qwerty,996aec62-04eb-3361-9b73-c600a1eedfdd
crizzy7,f45b6826-b5a5-3971-ace9-d7bb0b8a0ec8
cashmereorange,3ad7050b-b53a-3b56-9750-5498d0ca2abc
h2oserein,2187b61f-f881-3705-9532-613f70d5eebb
lem0n0,78b9400f-43ae-38d0-945e-04e2a6bd10db
sungjiinwoo,d1e73e62-f084-3917-8319-ad709c2c496d
p2nk0,a9687ad8-18d7-384c-8657-8db2e7975a2b
apostle,b72d298c-54d8-345b-9a60-9fa0f6067a58
crizzyboi,c062a4bb-d058-3bea-8e71-49c03b682760
xdd,3482933d-8480-341e-b9a2-7692a3a38b9f
dane,dd8e6433-bc9c-3c72-a53c-56afc79c3744
